ax,ay,az,gx,gy,gz
-0.034869,0.111287,0.457745,1.281738,-4.821777,0.488281
-0.009722,0.122762,0.500714,2.868652,-3.784180,-0.244141
-0.029742,0.114949,0.456525,2.075195,-3.662109,-0.854492
-0.008257,0.124471,0.463849,1.647949,-3.723145,-1.647949
-0.039995,0.110799,0.456769,3.173828,-3.845215,-3.051758
-0.028033,0.081990,0.482159,0.976562,-4.028320,-0.793457
-0.050982,0.116658,0.451398,5.371094,-8.789062,2.990723
0.004194,0.108357,0.425031,2.258301,-8.666992,4.333496
-0.009234,0.095662,0.428204,1.098633,-3.479004,-0.061035
-0.010699,0.095174,0.480450,3.051758,-5.065918,-1.159668
-0.013628,0.114705,0.456036,0.366211,-4.272461,0.000000
-0.019488,0.122762,0.482892,1.770020,-3.295898,0.183105
-0.014361,0.092244,0.497296,0.976562,-1.770020,-2.075195
-0.020220,0.096883,0.468488,1.037598,-2.624512,-0.915527
-0.031939,0.108846,0.471417,2.868652,-2.563477,0.793457
-0.024370,0.107137,0.456281,4.028320,-3.784180,1.403809
-0.015581,0.116658,0.453839,1.098633,-4.089355,2.563477
-0.033892,0.125691,0.488995,1.770020,-1.403809,0.488281
-0.004107,0.103230,0.441632,2.746582,-5.432129,2.868652
0.011518,0.094685,0.477521,2.319336,-1.464844,-1.647949
-0.013140,0.127889,0.510480,3.051758,-3.784180,0.244141
-0.039263,0.106160,0.494122,1.953125,0.305176,-2.929688
-0.010454,0.130086,0.480206,2.624512,-2.197266,-0.671387
-0.024615,0.084676,0.459698,3.479004,-1.708984,-1.342773
-0.008013,0.107625,0.437970,5.004883,-1.892090,-1.220703
-0.031451,0.105183,0.473126,2.624512,-2.258301,0.854492
-0.001421,0.107381,0.502423,3.295898,-2.868652,0.366211
0.001020,0.114705,0.459210,4.699707,-4.394531,-0.549316
-0.009234,0.109578,0.459943,4.150391,-4.577637,-0.427246
-0.014849,0.110310,0.456036,4.211426,-3.906250,-1.281738
-0.016802,0.102742,0.493146,2.319336,-3.356934,-0.610352
-0.020464,0.140828,0.459698,2.502441,-4.577637,-1.586914
-0.030474,0.084187,0.473370,2.197266,-3.662109,-0.793457
-0.026324,0.110555,0.464581,1.220703,0.976562,-1.403809
-0.029742,0.104939,0.492169,4.028320,-3.601074,2.441406
-0.016802,0.118123,0.489240,1.586914,1.281738,-0.671387
-0.022417,0.112264,0.458234,2.258301,-1.098633,0.488281
-0.031451,0.099568,0.475079,1.647949,-2.197266,1.342773
0.010786,0.100301,0.471173,2.380371,-2.441406,0.427246
-0.029742,0.096394,0.519269,2.746582,-0.122070,-0.061035
-0.006792,0.107869,0.481671,2.441406,-3.356934,-0.305176
0.010053,0.099080,0.461163,1.525879,-1.770020,-0.854492
-0.029742,0.128621,0.453595,1.403809,0.183105,-4.882812
-0.045855,0.105183,0.446027,1.159668,-1.708984,-0.793457
-0.008013,0.106892,0.451154,1.892090,-2.990723,-0.488281
-0.046099,0.092976,0.502667,3.601074,0.183105,-3.479004
-0.071245,0.106160,0.475812,1.220703,0.183105,2.685547
-0.017535,0.096150,0.508038,1.342773,-3.906250,6.591797
-0.000933,0.096150,0.469952,0.183105,1.525879,0.610352
-0.012163,0.101766,0.531476,4.699707,-1.220703,-0.854492
-0.015581,0.117146,0.431866,2.319336,-1.647949,-3.967285
-0.029986,0.084676,0.482892,3.967285,0.366211,-4.211426
-0.040972,0.103474,0.446271,3.540039,-0.854492,-1.647949
-0.026079,0.106892,0.441144,3.479004,-1.831055,-0.305176
-0.043902,0.085408,0.470197,3.112793,0.488281,-1.647949
-0.034869,0.091512,0.431134,2.441406,-0.671387,0.427246
-0.018267,0.107625,0.449200,3.112793,-1.342773,-0.122070
-0.027056,0.072469,0.476544,1.403809,0.732422,-0.549316
-0.018267,0.104939,0.448956,1.586914,-2.197266,-0.610352
-0.023638,0.117635,0.408673,1.098633,-1.342773,-0.183105
-0.003863,0.087605,0.435284,2.502441,-1.220703,-1.647949
-0.024370,0.118123,0.375714,3.295898,-1.037598,-2.868652
-0.038287,0.116170,0.483380,3.417969,-2.197266,-2.197266
-0.026812,0.116414,0.478253,3.845215,-3.112793,-0.732422
-0.019488,0.106404,0.426251,2.685547,-4.760742,0.183105
-0.028765,0.088826,0.535138,3.601074,-4.760742,0.183105
-0.031206,0.102742,0.438702,2.929688,-3.540039,-1.159668
-0.033160,0.114217,0.418683,4.882812,-1.037598,-3.540039
-0.047320,0.104451,0.464581,3.601074,-0.427246,-2.075195
-0.023882,0.106648,0.489972,2.136230,-0.122070,-1.037598
-0.017046,0.077351,0.460431,1.647949,-2.929688,-0.732422
-0.021441,0.100057,0.492413,4.089355,-4.089355,1.464844
-0.021441,0.115926,0.474103,2.136230,-6.469727,1.403809
0.007612,0.092000,0.424786,0.244141,-3.662109,1.098633
-0.004351,0.108846,0.441632,2.746582,-3.723145,-2.258301
0.002241,0.098836,0.488995,2.014160,-5.676270,-0.976562
-0.048785,0.096150,0.524396,1.770020,-2.197266,-1.770020
-0.015581,0.122273,0.397931,0.854492,-2.624512,-2.502441
-0.033404,0.105428,0.514630,3.356934,-3.967285,-2.258301
-0.038042,0.112752,0.459698,2.990723,-3.295898,0.427246
-0.027544,0.117635,0.446271,3.540039,-3.906250,-1.464844
-0.020708,0.117391,0.381085,1.586914,-2.075195,-0.305176
-0.015337,0.108357,0.448224,2.075195,-0.610352,-0.671387
-0.016070,0.112264,0.497296,1.708984,-1.159668,0.000000
0.003462,0.109578,0.405988,1.770020,0.671387,-0.488281
-0.018511,0.104939,0.394513,3.540039,-1.892090,-1.159668
0.001020,0.096394,0.496808,1.464844,-0.671387,-1.220703
-0.023150,0.116170,0.425275,2.990723,-2.075195,-2.319336
-0.036333,0.078084,0.492902,3.906250,-1.342773,-0.610352
-0.007281,0.098103,0.443829,0.915527,-3.295898,0.122070
-0.019488,0.107869,0.391583,2.563477,-1.953125,1.464844
-0.014361,0.091023,0.505597,1.770020,-3.112793,-0.915527
-0.019488,0.125203,0.432111,2.319336,-1.831055,1.037598
0.001264,0.103230,0.468488,1.281738,-1.525879,0.549316
-0.020953,0.123006,0.516339,8.422852,1.525879,4.394531
0.002485,0.101521,0.476300,2.319336,-1.159668,1.220703
-0.030962,0.120564,0.493146,2.746582,-1.342773,0.061035
0.002729,0.118367,0.436017,1.403809,-0.854492,-1.281738
-0.035357,0.106648,0.471173,3.479004,-3.540039,0.061035
-0.024370,0.093709,0.466534,0.915527,-1.403809,-1.464844
-0.037310,0.103230,0.462140,3.967285,-2.929688,0.366211
-0.002154,0.106648,0.445538,-0.793457,-6.652832,0.183105
-0.028765,0.094685,0.493146,-2.685547,-2.563477,0.427246
-0.004595,0.084432,0.456281,1.342773,-0.549316,-4.577637
-0.041460,0.102986,0.443585,2.502441,-0.244141,-6.164551
-0.029253,0.132771,0.466779,3.112793,2.807617,-4.943848
-0.015581,0.105672,0.477521,-1.159668,-2.319336,-5.676270
-0.036089,0.124471,0.435284,3.173828,-2.197266,0.427246
-0.009234,0.103474,0.425519,4.516602,0.122070,2.075195
-0.024859,0.092488,0.481183,1.342773,0.488281,2.746582
-0.035113,0.093465,0.503888,5.310059,-1.464844,3.051758
-0.010454,0.123250,0.399396,3.479004,-2.258301,1.281738
-0.022906,0.116170,0.486798,2.319336,-1.708984,1.708984
-0.042193,0.113240,0.463849,3.723145,-2.685547,2.563477
-0.008013,0.114217,0.492413,3.051758,-1.586914,1.892090
-0.055865,0.122517,0.460919,2.014160,-1.281738,0.976562
-0.013628,0.112508,0.463605,2.807617,-1.770020,-0.244141
-0.014849,0.112264,0.460187,4.516602,-3.356934,0.183105
-0.046343,0.104451,0.439923,2.014160,-0.732422,0.183105
-0.018755,0.113728,0.466534,3.051758,-2.502441,-0.976562
-0.015093,0.090535,0.458478,2.624512,-1.464844,-1.525879
-0.044878,0.114217,0.429669,2.197266,-1.586914,-4.028320
0.030805,0.122762,0.438947,2.014160,2.929688,-8.239746
-0.081744,0.125203,0.475079,2.502441,1.342773,-9.277344
-0.045611,0.119099,0.391827,2.624512,-4.577637,2.380371
-0.004839,0.117391,0.462872,2.624512,-5.126953,3.967285
-0.008990,0.091512,0.469952,2.014160,-2.441406,2.746582
-0.005572,0.100789,0.464581,1.586914,0.793457,-1.831055
-0.022417,0.102010,0.447003,4.028320,-2.624512,-1.403809
-0.022417,0.127400,0.468732,1.342773,-2.563477,0.000000
-0.029986,0.114705,0.398663,2.563477,-1.525879,-1.831055
-0.025103,0.119344,0.468732,0.671387,-4.272461,-0.671387
-0.036333,0.124226,0.476300,4.028320,-1.831055,0.061035
-0.028033,0.101277,0.498273,1.708984,-2.685547,1.831055
-0.011675,0.102010,0.422345,0.915527,-1.953125,-0.122070
-0.015581,0.108113,0.495343,2.990723,-1.464844,-0.244141
-0.029742,0.107869,0.452374,2.990723,-3.601074,1.159668
-0.025835,0.089314,0.463361,1.892090,-4.028320,2.685547
0.002241,0.104451,0.448224,2.258301,-1.586914,0.915527
-0.017535,0.118367,0.480450,1.770020,-1.708984,-0.976562
-0.047564,0.126668,0.440167,2.746582,-0.305176,-1.525879
-0.027056,0.112264,0.447247,2.014160,-3.417969,0.366211
-0.021197,0.118123,0.488995,2.380371,-1.281738,0.854492
-0.029986,0.085896,0.470441,1.403809,1.159668,-1.098633
-0.028033,0.100789,0.456769,2.075195,-0.915527,0.061035
-0.013628,0.066609,0.491193,0.427246,3.723145,-0.122070
0.007124,0.039266,0.525616,15.258789,0.427246,-4.882812
-0.003374,-0.035197,0.641827,-2.075195,-15.930176,4.760742
0.037885,-0.128215,0.601788,13.305664,-34.790039,-10.070801
-0.113482,-0.113322,0.445782,-8.361816,-24.536133,11.962891
-0.033160,-0.049358,0.531476,51.086426,-36.560059,-23.254395
-0.064410,0.017537,0.661359,27.587891,-42.175293,11.779785
0.046919,0.045369,0.677716,38.818359,-54.992676,12.817383
0.017622,0.152058,0.557355,18.737793,-46.752930,24.414062
0.044477,0.209432,0.566876,29.846191,-24.902344,17.578125
0.020796,0.264119,0.563458,15.563965,-33.203125,24.841309
-0.005328,0.371297,0.415265,35.766602,-29.418945,8.666992
-0.000689,0.410359,0.503400,23.010254,-9.033203,-0.793457
0.015913,0.412801,0.444318,26.733398,6.408691,10.742188
0.021528,0.323689,0.359113,8.117676,0.549316,10.803223
0.022505,0.307088,0.619611,-6.164551,-8.972168,-8.728027
0.005415,0.400838,0.379132,-13.183594,-2.258301,-5.371094
0.003462,0.393758,0.404279,-23.498535,7.019043,6.652832
-0.005083,0.384969,0.398419,-34.240723,0.488281,10.437012
-0.039995,0.400594,0.343732,-43.701172,-3.723145,24.902344
-0.156939,0.288533,0.313702,-63.842773,10.498047,26.306152
-0.076861,0.200398,0.579327,-41.198730,23.071289,8.117676
0.027631,0.060017,0.357404,-40.466309,11.962891,2.807617
0.015669,-0.125774,0.579572,-3.540039,81.665039,-24.230957
-0.034380,-0.082317,0.530743,-28.015137,14.343262,-13.610840
0.075239,-0.207317,0.486310,-13.366699,8.361816,2.014160
-0.108843,-0.150432,0.595685,-33.447266,45.288086,2.136230
0.133588,-0.192668,0.579816,-0.976562,20.263672,4.821777
-0.090288,0.009480,0.513654,9.460449,52.551270,-20.446777
-0.041460,-0.010539,0.403790,26.367188,-1.831055,-7.385254
-0.079058,-0.010539,0.380109,34.118652,-10.803223,-17.761230
-0.109087,0.026814,0.319318,23.925781,-13.549805,-10.803223
-0.096148,0.063680,0.305646,14.770508,-5.798340,-12.145996
-0.062701,0.055867,0.424298,10.986328,-10.498047,-4.943848
0.005415,0.036092,0.419171,6.530762,2.685547,-2.807617
0.061567,-0.068401,0.584698,0.427246,-19.042969,-7.324219
0.093794,-0.079143,0.583722,37.597656,12.695312,-37.719727
0.090864,-0.095256,0.575421,36.682129,-8.972168,-40.100098
-0.024859,0.013875,0.557355,40.100098,-4.150391,-44.677734
0.047407,0.005818,0.572980,13.305664,-43.457031,-4.089355
0.091840,0.041707,0.531476,39.794922,-31.127930,-17.333984
0.145307,0.062947,0.568829,3.479004,-65.185547,16.723633
0.022993,0.113484,0.525616,46.508789,-20.812988,-18.676758
0.096967,0.173299,0.646710,16.784668,-52.795410,11.657715
0.124555,0.261433,0.548566,25.695801,-3.906250,7.507324
0.105756,0.334187,0.542462,22.949219,-44.738770,-0.915527
0.096479,0.464803,0.369611,20.507812,-30.639648,-8.056641
0.148969,0.434285,0.464825,18.066406,-1.342773,1.586914
0.141645,0.410115,0.363507,9.643555,-9.277344,4.333496
0.160200,0.435506,0.469220,3.051758,3.112793,-6.958008
0.111860,0.414266,0.241681,-9.094238,0.610352,-13.183594
0.091352,0.377400,0.429913,-43.701172,-8.789062,4.089355
0.024702,0.380818,0.421368,-26.245117,22.094727,8.361816
0.073042,0.331990,0.460431,-39.489746,1.770020,17.333984
0.113813,0.332234,0.340314,-35.156250,19.348145,34.667969
0.043256,0.334676,0.307843,-43.395996,6.042480,37.292480
0.044721,0.080281,0.494611,-17.883301,90.942383,44.677734
0.007856,0.118855,0.485333,-65.856934,-42.968750,31.005859
-0.027788,-0.092082,0.522443,-3.173828,68.908691,37.536621
-0.076372,-0.103557,0.409406,-45.715332,-27.465820,14.526367
-0.006548,-0.162639,0.522931,-8.483887,36.010742,26.733398
-0.066851,-0.115276,0.320050,-43.762207,-5.981445,45.227051
0.013471,-0.112834,0.486310,-33.142090,2.868652,36.437988
0.015180,-0.112346,0.502667,-27.099609,12.634277,15.197754
-0.051226,-0.078654,0.507794,2.197266,23.620605,0.915527
-0.169634,-0.005656,0.352765,16.357422,-13.732910,1.892090
-0.161822,0.018758,0.156476,23.254395,15.686035,-8.605957
-0.205279,0.046346,0.258038,24.780273,29.479980,-11.169434
-0.125445,0.028523,0.259747,-7.385254,18.066406,7.080078
-0.073199,-0.018840,0.413068,10.986328,32.714844,-10.131836
-0.117632,0.003621,0.375958,20.263672,17.211914,-17.395020
-0.010454,-0.078166,0.380841,20.324707,-7.751465,-15.808105
-0.115679,-0.061320,0.411847,24.230957,18.493652,-34.912109
0.030317,-0.210246,0.650128,26.245117,-35.461426,-11.901855
-0.142535,-0.087688,0.343732,68.969727,23.254395,-53.283691
-0.044390,-0.067180,0.519757,29.296875,-20.141602,-26.733398
-0.062212,0.007771,0.265118,-13.610840,-28.137207,1.464844
0.034956,-0.015178,0.500226,3.784180,-21.423340,-17.700195
0.060835,0.008992,0.444073,-3.356934,-1.342773,-16.235352
0.141889,-0.033733,0.580060,23.315430,1.953125,-21.911621
0.099409,0.014607,0.582990,7.263184,-22.033691,-17.578125
0.080122,0.201375,0.429425,20.446777,-41.625977,-36.499023
0.087202,0.229207,0.531964,7.507324,-22.460938,-22.766113
0.004194,0.389363,0.289288,15.441895,-34.179688,-15.686035
0.068159,0.348103,0.265607,12.878418,-27.770996,-18.981934
0.045454,0.347127,0.336163,17.089844,-13.610840,3.601074
0.140424,0.309285,0.335675,8.544922,0.366211,11.901855
0.105756,0.348592,0.333234,-23.010254,-24.902344,-11.169434
0.084516,0.338582,0.304669,-5.004883,22.644043,4.211426
-0.001421,0.386678,0.394513,-37.109375,-10.864258,1.159668
0.074018,0.304158,0.307111,-10.437012,23.376465,30.456543
-0.075884,0.258504,0.329816,-33.447266,-5.065918,31.250000
0.126264,0.136433,0.165997,-42.480469,-24.353027,47.363281
-0.095660,0.138631,0.472638,-38.818359,22.766113,30.517578
0.120161,-0.019817,0.308820,-28.076172,-28.015137,22.521973
0.046674,-0.063518,0.346173,9.338379,27.465820,28.625488
-0.025103,-0.005412,0.169171,-33.081055,-3.967285,-1.953125
0.032758,-0.077190,0.443829,25.024414,44.738770,0.000000
-0.054400,0.011922,0.295880,12.084961,29.541016,-20.751953
0.078657,-0.111613,0.464581,36.132812,35.888672,-16.845703
0.120649,-0.172649,0.308820,-7.324219,28.808594,5.737305
-0.083453,-0.061809,0.465802,-6.958008,51.940918,2.685547
0.091596,-0.087443,0.524640,-7.202148,51.940918,-9.765625
0.001753,-0.060100,0.439923,39.306641,-16.235352,2.197266
-0.157427,0.035359,0.144269,25.390625,-17.333984,-4.089355
-0.001665,0.050496,0.285138,5.126953,0.854492,6.652832
-0.021685,0.014363,0.497052,6.591797,16.784668,-8.239746
0.004682,0.001180,0.396954,19.226074,-23.986816,1.831055
0.016889,0.012898,0.323224,10.864258,1.831055,-5.920410
0.053266,-0.067424,0.519025,4.211426,7.080078,-8.483887
0.019087,-0.115276,0.493146,8.605957,-15.563965,-2.197266
0.037153,-0.153117,0.407452,2.868652,-16.784668,-23.925781
-0.081011,-0.055949,0.311993,8.666992,-23.742676,-15.075684
0.064253,-0.052287,0.395734,-3.356934,-33.874512,6.103516
0.007856,-0.034465,0.395245,17.333984,-7.324219,-20.507812
0.073286,-0.062297,0.507306,5.920410,-27.099609,-1.464844
0.022016,0.026326,0.498273,21.545410,-35.888672,-23.559570
0.147016,0.027058,0.539044,19.775391,-23.254395,8.544922
0.053266,0.231892,0.363507,24.719238,-61.584473,-28.320312
0.152143,0.246053,0.410626,34.179688,-15.136719,-11.169434
0.071577,0.354451,0.219952,11.474609,-43.334961,-7.934570
0.047407,0.313924,0.413556,12.451172,-6.958008,-1.953125
0.038374,0.375447,0.245587,20.446777,-23.376465,7.568359
0.146528,0.313435,0.320294,8.117676,-2.319336,6.835938
0.179243,0.268758,0.361066,5.676270,1.770020,-5.615234
0.066938,0.321248,0.338116,-20.202637,-8.972168,-16.784668
0.034956,0.301961,0.395001,-3.295898,9.277344,0.793457
0.021772,0.332478,0.279523,-32.897949,-29.418945,13.671875
0.029829,0.302205,0.250226,-5.737305,17.333984,28.137207
0.158491,0.170125,0.502179,-37.231445,-24.536133,20.019531
0.017133,0.154256,0.145978,-8.666992,16.967773,16.174316
0.074262,0.110066,0.509015,-6.652832,21.118164,9.765625
0.123823,0.130330,0.238019,-36.315918,-20.507812,21.423340
0.166547,-0.072795,0.361310,-22.949219,-7.751465,11.474609
-0.029253,-0.025432,0.250226,-16.723633,-9.704590,11.413574
0.110151,-0.092570,0.407452,27.160645,48.278809,-5.859375
0.024213,-0.129924,0.393048,-18.005371,18.554688,23.315430
0.008833,-0.085002,0.447736,6.591797,52.246094,17.150879
0.088422,-0.087688,0.578351,-1.953125,20.263672,23.803711
0.077680,-0.029094,0.412823,6.042480,11.901855,25.146484
0.051801,-0.107463,0.407452,18.066406,12.268066,10.131836
-0.005328,-0.012248,0.198712,30.151367,22.277832,-5.981445
-0.041216,0.009969,0.310529,0.732422,2.380371,-3.662109
-0.069292,0.050984,0.299298,-1.098633,-4.638672,0.610352
-0.074419,0.019734,0.338361,-3.356934,5.126953,-0.061035
-0.047320,0.025105,0.429913,4.455566,7.690430,-7.812500
-0.023150,0.033406,0.452130,5.798340,-4.028320,2.868652
0.079389,-0.106242,0.615216,21.850586,18.127441,-16.052246
-0.043902,-0.037639,0.488507,28.747559,11.779785,-28.015137
0.074262,-0.129680,0.636212,29.479980,-4.882812,-22.766113
-0.017290,-0.121623,0.520978,15.991211,-39.062500,-3.723145
0.001020,-0.053996,0.343243,35.156250,-3.540039,-31.494141
0.050092,0.041463,0.313214,-10.742188,-60.668945,-22.216797
0.041547,0.097615,0.443097,14.282227,1.464844,-13.000488
0.092817,0.088582,0.575421,-4.394531,-56.762695,2.502441
0.096723,0.144978,0.446027,24.963379,-22.705078,-10.253906
0.036665,0.180379,0.401593,10.131836,-17.578125,-4.394531
0.083051,0.140340,0.493146,5.493164,-29.907227,3.295898
0.131147,0.101277,0.459454,23.010254,-10.314941,-7.385254
0.169721,0.132527,0.525616,21.911621,-19.409180,-0.854492
0.097700,0.284871,0.324445,38.635254,17.333984,0.305176
0.075727,0.352742,0.285138,0.976562,-38.391113,-13.610840
0.144819,0.370076,0.300031,7.629395,-4.760742,-8.789062
0.240766,0.195027,0.477277,-5.737305,-22.094727,-10.681152
0.108930,0.287557,0.420880,13.854980,-15.014648,-16.052246
0.045454,0.301961,0.341046,-15.869141,-32.348633,-13.366699
0.020063,0.212117,0.430646,-3.967285,-18.615723,8.605957
0.179243,0.205281,0.380597,-28.808594,-30.761719,7.934570
0.104292,0.296346,0.360577,-29.052734,-11.047363,17.272949
0.080366,0.323445,0.210187,-24.719238,-11.901855,35.217285
0.127973,0.214314,0.333966,-27.526855,23.071289,37.719727
0.164838,0.138875,0.310773,-12.084961,36.437988,33.325195
0.044233,0.149373,0.424298,-39.489746,-4.150391,25.390625
0.067426,0.113728,0.260480,-7.507324,27.709961,38.208008
0.001020,0.124715,0.441144,-1.525879,64.086914,30.334473
0.153364,-0.060832,0.343732,5.249023,24.658203,28.625488
0.009321,0.054158,0.341534,2.319336,26.184082,14.038086
-0.008990,0.070027,0.343243,10.986328,7.629395,-3.540039
-0.039263,-0.092570,0.382794,20.751953,2.868652,-6.713867
-0.071490,-0.134074,0.366437,-22.338867,-0.732422,21.911621
-0.023638,-0.201701,0.595197,-9.948730,9.643555,39.306641
0.041547,-0.112346,0.523907,-15.319824,-14.221191,28.747559
0.051313,-0.115276,0.470685,29.968262,6.774902,-2.319336
-0.121294,-0.007854,0.332990,17.578125,-15.625000,-12.634277
-0.153521,0.025838,0.193341,6.958008,-14.831543,-1.159668
-0.118609,-0.012248,0.246808,-0.793457,3.112793,-1.831055
-0.078570,-0.035197,0.379865,17.822266,24.169922,-15.380859
-0.033892,-0.001750,0.469220,12.084961,4.516602,-11.657715
-0.054888,-0.028850,0.375958,14.587402,7.812500,-23.498535
-0.021441,-0.083781,0.470441,-3.845215,-16.174316,-9.887695
0.104292,-0.187053,0.512921,20.202637,3.845215,-33.203125
0.060835,-0.193889,0.497052,-5.981445,-16.357422,-29.663086
-0.052203,-0.106731,0.504376,19.836426,-32.653809,-36.926270
0.012495,-0.072307,0.427228,-17.822266,-65.734863,-6.896973
0.049848,-0.016399,0.396710,-24.902344,-63.964844,7.873535
0.073286,0.081990,0.344952,-1.098633,-7.690430,-9.460449
0.119917,0.181599,0.339581,3.295898,-40.832520,-14.160156
0.220258,0.178182,0.253644,29.357910,21.667480,-18.676758
0.079878,0.332967,0.208478,-19.958496,-40.405273,-32.043457
0.110883,0.228963,0.435284,16.113281,33.813477,-26.062012
0.039594,0.365926,0.299054,-7.019043,-31.494141,-10.009766
0.070112,0.332234,0.331036,9.887695,25.329590,-4.882812
0.208784,0.296590,0.278302,5.187988,-5.310059,4.272461
0.130171,0.271687,0.259015,3.051758,15.869141,-1.342773
0.159712,0.256551,0.236310,5.371094,-11.230469,15.014648
0.034223,0.262898,0.257062,-4.882812,24.658203,-3.967285
0.069380,0.261922,0.360577,-2.990723,2.807617,17.150879
0.075971,0.255574,0.171613,-17.456055,-8.056641,18.798828
0.094282,0.222859,0.281232,-4.577637,32.897949,20.202637
0.155805,0.238728,0.266339,-23.681641,2.746582,39.062500
0.018354,0.261433,0.314191,12.939453,19.287109,28.930664
0.125776,0.023152,0.216779,-27.709961,-28.686523,52.124023
-0.013384,-0.108928,0.372296,30.090332,38.757324,21.911621
-0.018999,-0.182902,0.333966,-29.357910,-18.859863,39.245605
-0.076128,-0.104045,0.471661,50.598145,93.933105,17.761230
-0.065142,-0.152385,0.345441,5.126953,33.996582,19.287109
-0.080035,-0.146526,0.525616,-1.525879,45.837402,23.864746
-0.051958,-0.168254,0.492902,10.559082,26.245117,4.760742
-0.168658,-0.020061,0.444562,36.193848,21.484375,-3.906250
-0.258501,0.062459,0.242657,18.493652,-18.981934,5.432129
-0.069781,-0.027629,0.336652,-11.596680,-11.474609,13.610840
-0.130328,-0.011027,0.436749,7.629395,24.230957,-12.878418
-0.163775,0.010457,0.418927,19.470215,-9.399414,-11.718750
-0.153521,0.011678,0.278790,20.568848,-9.399414,-14.709473
-0.112994,-0.077190,0.349103,-4.638672,-20.812988,-4.028320
-0.065874,-0.081584,0.406964,17.211914,7.446289,-44.677734
-0.078081,-0.104289,0.402081,-9.216309,-5.187988,-19.287109
-0.051226,-0.116252,0.450177,14.099121,-21.118164,-39.306641
-0.068316,-0.060100,0.507550,10.375977,-5.004883,-38.024902
-0.009722,-0.051067,0.466779,5.371094,-32.165527,-39.489746
-0.011675,0.038289,0.398419,1.770020,-16.418457,-17.883301
0.156538,0.058797,0.415509,-0.122070,-15.625000,-20.996094
0.013715,0.091267,0.298077,4.333496,-9.765625,-15.136719
0.073286,0.159871,0.371564,-9.155273,-18.493652,-12.390137
0.093061,0.211629,0.423566,2.319336,-7.507324,-13.671875
0.083051,0.214314,0.279767,-6.103516,-27.099609,-13.000488
0.052534,0.283650,0.366681,14.160156,-19.897461,-12.023926
0.102827,0.234578,0.322491,18.432617,-12.329102,-4.516602
0.156782,0.199910,0.301251,19.409180,-9.948730,-6.713867
0.095014,0.238484,0.370343,6.164551,-7.080078,-18.554688
0.122358,0.235555,0.321759,11.230469,-14.953613,-9.643555
0.066206,0.310017,0.323224,-1.892090,-16.784668,-1.281738
0.120649,0.222615,0.300031,-10.375977,-9.399414,10.559082
0.116255,0.277547,0.397931,-4.699707,-5.920410,8.300781
0.076460,0.319539,0.279279,-12.268066,-13.366699,18.798828
0.001508,0.311726,0.190900,-9.277344,28.442383,22.583008
-0.015581,0.237752,0.254620,-22.766113,1.037598,38.330078
-0.007037,0.188191,0.206769,-18.493652,13.732910,32.104492
-0.033892,0.076131,0.344952,-21.301270,23.010254,32.714844
-0.055376,0.055135,0.240216,-36.682129,-25.451660,21.301270
-0.001177,0.071004,0.372540,21.606445,33.020020,12.145996
-0.049273,-0.135051,0.387921,17.089844,37.170410,42.358398
-0.025835,-0.363078,0.333234,-1.342773,-30.822754,60.424805
0.055708,-0.244914,0.144513,-0.976562,-10.253906,33.081055
0.060102,-0.318401,0.378156,-49.987793,9.460449,38.635254
-0.175249,-0.054973,0.536115,-0.122070,131.286621,-36.560059
-0.298296,0.019002,0.351544,23.132324,2.136230,-8.300781
-0.218462,0.051473,0.279034,3.356934,-7.995605,4.943848
-0.122759,0.006795,0.284406,10.864258,-3.479004,9.460449
-0.144732,0.033894,0.327130,12.512207,24.414062,-9.704590
-0.140826,-0.000529,0.317120,14.709473,3.417969,2.807617
-0.069048,-0.065715,0.365704,16.601562,15.869141,-16.906738
-0.108843,-0.035686,0.409894,39.550781,29.968262,-35.400391
-0.052935,-0.122111,0.445050,28.869629,-3.234863,-32.226562
-0.081988,-0.145061,0.416241,24.169922,-27.038574,-25.329590
-0.062945,-0.076213,0.286603,26.428223,-44.128418,-31.738281
-0.034869,-0.029338,0.384747,-3.784180,-52.246094,-20.080566
0.053999,-0.132121,0.488995,6.774902,-10.009766,-15.686035
-0.065874,0.031941,0.465314,-6.896973,-58.837891,-12.329102
0.031538,0.017049,0.399884,1.281738,-11.840820,15.808105
0.021772,0.075642,0.426251,-6.652832,-16.723633,11.169434
0.041792,0.107137,0.445050,25.085449,-21.301270,11.779785
0.086958,0.189412,0.290997,4.577637,-23.315430,-9.094238
-0.051226,0.380086,0.294171,20.568848,-31.188965,-13.000488
-0.000933,0.397420,0.224103,21.301270,12.817383,-12.939453
0.088911,0.320271,0.177228,5.249023,3.112793,-6.652832
0.116499,0.380086,0.283185,-8.728027,0.366211,-15.441895
0.028120,0.373982,0.336896,-16.174316,-11.657715,-15.441895
-0.006548,0.222371,0.525372,3.356934,11.230469,1.770020
-0.038042,0.179402,0.325665,-7.751465,-18.249512,10.742188
0.055708,0.217976,0.369855,-9.460449,2.197266,20.507812
0.077680,0.234578,0.308087,-18.188477,-1.892090,18.066406
0.095258,0.264851,0.284650,-16.113281,13.061523,13.183594
0.051069,0.304402,0.222394,-29.968262,-15.625000,1.770020
-0.061724,0.248006,0.319073,-30.639648,35.766602,34.179688
-0.091753,-0.126262,0.371320,2.319336,66.711426,22.460938
-0.088335,-0.070842,0.364972,-16.601562,-3.479004,14.953613
-0.144976,-0.241008,0.364972,11.230469,62.377930,7.873535
-0.093951,-0.248576,0.319318,3.662109,-15.563965,25.390625
-0.018999,-0.230510,0.298077,-35.217285,7.507324,20.446777
-0.055865,-0.152629,0.304669,-12.329102,39.855957,31.677246
-0.117388,-0.091594,0.398663,-6.042480,42.541504,1.220703
-0.064165,-0.055461,0.309552,-0.122070,9.460449,22.583008
-0.106890,-0.048137,0.283185,13.977051,17.578125,-8.911133
-0.146685,-0.010783,0.266339,3.479004,11.352539,3.784180
-0.119585,-0.033000,0.290265,18.249512,-2.258301,-6.713867
-0.107867,-0.051799,0.280255,7.202148,-3.173828,-7.507324
-0.107378,-0.101848,0.415997,22.949219,-12.756348,-17.089844
-0.154253,-0.147502,0.290997,-11.779785,-87.341309,2.868652
-0.124468,-0.158000,0.311017,25.512695,-5.371094,-44.677734
-0.159869,-0.071818,0.291241,-1.770020,-63.293457,-24.291992
-0.111773,-0.060344,0.253644,5.615234,-21.667480,-12.756348
-0.111040,0.021199,0.257794,-14.831543,-63.232422,-14.953613
0.021772,0.003621,0.317120,-2.685547,-2.807617,-12.329102
0.021284,0.048055,0.299298,4.150391,17.944336,-11.108398
0.059614,0.033406,0.403790,6.774902,20.568848,-19.653320
0.062788,0.019246,0.401593,10.009766,-11.047363,-18.920898
-0.027056,0.079305,0.363507,27.770996,-4.211426,-20.324707
-0.040972,0.164754,0.267072,32.592773,-7.629395,-20.324707
-0.032427,0.234334,0.176984,18.737793,-29.602051,-14.282227
0.019819,0.333455,0.087140,20.263672,-10.681152,-0.244141
-0.024126,0.333455,0.223615,-2.807617,-11.352539,-9.338379
0.093549,0.279012,0.342511,10.986328,16.601562,-1.037598
0.027631,0.293416,0.266583,0.366211,-11.657715,0.671387
-0.012408,0.219930,0.325421,-9.704590,7.507324,1.892090
0.049360,0.166463,0.464825,-8.361816,-2.807617,6.225586
0.119672,0.193807,0.225568,-2.624512,-9.033203,7.263184
0.033735,0.318807,0.236554,-15.258789,-9.948730,-2.014160
0.014936,0.249959,0.182111,-9.704590,14.038086,4.638672
-0.061724,0.258504,0.204327,-24.353027,-10.192871,6.469727
-0.000933,0.258504,0.252423,2.685547,72.570801,25.817871
-0.053179,0.131307,0.207501,-42.846680,-42.968750,15.808105
0.004438,-0.082561,0.150861,-5.798340,35.705566,25.329590
0.043012,0.039510,0.323224,-35.400391,-12.329102,15.808105
-0.034624,-0.171916,0.261456,26.000977,71.655273,63.964844
-0.117876,-0.201213,0.312970,-43.395996,-26.611328,16.174316
-0.122759,-0.241252,0.368146,-16.113281,16.418457,42.175293
-0.037310,-0.210246,0.093732,31.250000,66.284180,-9.094238
-0.315874,-0.006389,0.489972,-7.934570,-5.493164,18.554688
-0.028765,-0.144084,0.160626,29.296875,-57.373047,20.263672
-0.070269,-0.072063,0.360577,5.737305,-5.065918,-4.577637
-0.182574,0.008260,0.178693,32.104492,-16.967773,-7.690430
-0.162310,-0.051311,0.188458,10.559082,-20.568848,-3.479004
-0.119829,-0.057414,0.202130,13.244629,7.019043,-22.644043
-0.078081,-0.143108,0.379620,5.798340,18.432617,-27.954102
-0.074175,-0.209026,0.342267,28.991699,5.554199,-47.302246
-0.118365,-0.244182,0.390607,2.136230,-19.958496,-26.306152
-0.074419,-0.183879,0.329083,24.169922,-36.437988,-31.005859
-0.154742,-0.135295,0.280011,17.578125,-20.446777,-28.137207
-0.039507,-0.032756,0.328351,-1.831055,-23.437500,-22.338867
0.003217,0.027303,0.359357,11.779785,21.057129,-9.948730
0.001753,0.119099,0.357892,-4.089355,-27.526855,-23.376465
0.061567,0.182820,0.356915,10.437012,-2.807617,-10.742188
0.032758,0.210896,0.298566,14.709473,0.488281,-10.742188
0.045454,0.152547,0.302960,-2.075195,-29.418945,-7.812500
-0.012163,0.266072,0.252911,32.775879,-6.591797,1.037598
0.114301,0.259236,0.185040,32.958984,-16.113281,-0.671387
0.089643,0.275105,0.134747,45.715332,41.259766,-3.601074
0.059126,0.232625,0.362775,-6.835938,2.929688,-17.272949
0.070356,0.217000,0.403058,11.779785,12.084961,-8.239746
0.046186,0.243855,0.359357,1.159668,-10.070801,-5.004883
0.028608,0.202107,0.405499,-0.793457,-0.610352,5.859375
0.085493,0.162801,0.376447,5.493164,-4.272461,0.671387
0.101850,0.121053,0.460675,-2.807617,-6.835938,2.685547
0.114057,0.201863,0.230695,3.479004,-9.155273,-4.455566
0.053999,0.299519,0.191144,-25.512695,-23.132324,-1.647949
0.161665,0.191609,0.339581,-23.986816,-12.512207,-14.465332
-0.012163,0.187947,0.167218,-22.399902,-16.662598,-2.197266
0.057172,0.259480,0.311993,1.281738,30.639648,-4.150391
0.085981,-0.023967,0.417950,-0.610352,46.325684,19.531250
0.043256,0.179891,0.494366,19.287109,-19.653320,-2.502441
0.076948,0.046834,0.213116,44.799805,57.983398,-7.446289
-0.021929,0.029500,0.410382,-23.010254,-18.432617,18.310547
-0.011919,-0.019817,0.301495,-0.732422,28.259277,33.935547
-0.018511,-0.176799,0.359357,-14.587402,63.476562,32.348633
-0.030230,-0.261760,0.534894,-23.925781,96.557617,30.944824
0.114057,-0.309856,0.597394,-4.455566,107.238770,4.150391
-0.133501,-0.028850,0.492657,22.155762,44.433594,-9.338379
-0.075640,0.013387,0.330792,11.291504,-33.630371,7.751465
-0.160113,0.110555,0.305157,16.235352,-19.470215,6.835938
-0.142779,0.078328,0.238507,2.929688,-46.569824,23.620605
-0.098101,0.000447,0.268048,0.122070,-20.629883,14.770508
-0.106646,0.050740,0.264630,0.305176,2.441406,7.385254
-0.089800,0.049764,0.359357,-3.967285,4.150391,9.094238
-0.077105,0.061726,0.349347,0.854492,-2.563477,5.737305
-0.087115,0.062947,0.323224,1.586914,0.610352,-2.807617
-0.104693,0.063924,0.346661,0.793457,-4.638672,4.577637
-0.094195,0.063191,0.340558,-0.610352,-9.216309,2.441406
-0.089556,0.060017,0.343732,-2.685547,-0.732422,0.671387
-0.120562,0.060750,0.339337,2.624512,4.943848,-7.202148
-0.114703,0.055135,0.329327,1.159668,-4.699707,-0.427246
-0.121050,0.074910,0.336407,-0.427246,-1.586914,-5.676270
-0.119585,0.081502,0.328839,-0.976562,-4.089355,0.671387
-0.116167,0.058797,0.329816,-0.183105,-1.464844,-3.662109
-0.114947,0.060994,0.361798,2.624512,-1.892090,-2.014160
-0.108599,0.067342,0.368878,0.488281,-2.319336,-4.394531
-0.110064,0.063680,0.314923,2.868652,-0.732422,-4.150391
-0.103228,0.078084,0.341779,3.112793,2.807617,-7.690430
-0.131792,0.071492,0.319562,3.295898,2.075195,-3.479004
-0.098345,0.051717,0.345685,4.943848,-4.028320,-4.455566
-0.137408,0.081258,0.315656,2.075195,-1.831055,-5.004883
-0.093706,0.074666,0.314679,4.638672,-0.915527,0.244141
-0.095904,0.051961,0.350812,0.488281,0.183105,-4.150391
-0.098589,0.051961,0.326642,5.065918,-3.784180,-0.793457
-0.087603,0.062947,0.296368,2.319336,-2.929688,-2.624512
-0.070025,0.060994,0.341779,5.737305,0.122070,-3.967285
-0.089312,0.048055,0.369855,1.708984,-3.417969,-4.333496
-0.102251,0.061726,0.320294,5.859375,-1.403809,0.854492
-0.147417,0.060750,0.237286,1.281738,3.784180,-2.197266
-0.124712,0.051717,0.300031,0.671387,2.929688,3.479004
-0.047808,0.022664,0.329816,2.136230,2.197266,-4.272461
-0.082964,0.073201,0.380109,3.967285,1.708984,-4.028320
-0.059283,0.043416,0.318341,6.713867,-3.723145,-0.366211
-0.108355,0.070516,0.336652,-1.525879,-0.915527,-1.281738
-0.064165,0.071492,0.312970,4.089355,0.183105,-1.037598
-0.086138,0.059041,0.307843,3.845215,-3.967285,-0.915527
-0.151568,0.047322,0.246564,-7.385254,-11.901855,10.009766
-0.060747,0.012166,0.310529,0.610352,9.338379,-4.150391
-0.042681,0.041219,0.358868,5.737305,0.061035,-8.789062
-0.097124,0.054158,0.286115,-1.037598,-3.540039,-3.845215
-0.083941,0.050008,0.316876,0.244141,2.380371,-1.708984
-0.094927,0.061482,0.340558,-2.868652,-3.417969,-2.380371
-0.084429,0.066609,0.334943,2.136230,-2.258301,-2.502441
-0.065630,0.060750,0.343243,3.540039,-3.662109,-5.554199
-0.146685,0.063191,0.270978,3.784180,8.239746,-2.014160
-0.071490,0.061726,0.374493,6.652832,-3.051758,-3.784180
-0.072954,0.038289,0.350323,3.173828,-4.760742,-2.319336
-0.081988,0.071980,0.341534,-1.770020,-11.291504,3.479004
-0.069292,0.049764,0.309064,-6.774902,-15.930176,3.295898
